label,column,old,new
A3,cur_speed_sw,0.325943485567025,0.3428637862128765
A2,cur_speed_sw,0.3428637862128765,0.325943485567025
E2,cur_speed_sw,0.3574636229354714,0.326452080278006
A3,cur_along_sw,0.2120589754923106,0.2264206177897658
A2,cur_along_sw,0.2264206177897658,0.2120589754923106
E2,cur_along_sw,0.2278748032603592,0.1647435612084736
A3,sst_sw,29.5964591264056,29.50484121641823
A2,sst_sw,29.50484121641823,29.5964591264056
E2,sst_sw,29.698258192742905,29.894339717922545
A1,hycom_dist_km_sw,3.342254394840657,2.9867366114438236
E3,hycom_dist_km_sw,5.119407064948857,4.815225008678442
A3,hycom_dist_km_sw,1.858798360677019,5.688819024518453
A2,hycom_dist_km_sw,4.718724449501428,4.165524898846734
E2,hycom_dist_km_sw,5.381028299631713,4.9996233032793524
E1,hycom_dist_km_sw,1.0485816791175246,1.5137758452702847
A1,era5_dist_km_sw,39.1170178305275,38.3307966400357
E3,era5_dist_km_sw,40.10942135504648,39.58524378806164
A3,era5_dist_km_sw,33.211254284294164,26.569255359601573
A2,era5_dist_km_sw,25.290434304758637,29.26022682070967
E2,era5_dist_km_sw,33.07300160363764,33.268162290707025
E1,era5_dist_km_sw,34.605086314401866,34.91819438754181
A3,cur_speed_ne,0.1134706523080275,0.1214582529027437
A2,cur_speed_ne,0.1214582529027437,0.1134706523080275
E2,cur_speed_ne,0.1212323327962823,0.1239264864914499
A3,cur_along_ne,0.0506101174936537,0.0370638120700742
A2,cur_along_ne,0.0370638120700742,0.0506101174936537
E2,cur_along_ne,0.0218365824307145,0.06364161484951
A3,sst_ne,24.05709632616488,24.46077585125448
A2,sst_ne,24.46077585125448,24.05709632616488
E2,sst_ne,24.57609283154122,24.16455313620072
A1,hycom_dist_km_ne,3.342254394840657,2.9867366114438236
E3,hycom_dist_km_ne,5.119407064948857,4.815225008678442
A3,hycom_dist_km_ne,1.858798360677019,5.688819024518453
A2,hycom_dist_km_ne,4.718724449501428,4.165524898846734
E2,hycom_dist_km_ne,5.381028299631713,4.9996233032793524
E1,hycom_dist_km_ne,1.0485816791175246,1.5137758452702847
A1,era5_dist_km_ne,39.1170178305275,38.3307966400357
E3,era5_dist_km_ne,40.10942135504648,39.58524378806164
A3,era5_dist_km_ne,33.211254284294164,26.569255359601573
A2,era5_dist_km_ne,25.290434304758637,29.26022682070967
E2,era5_dist_km_ne,33.07300160363764,33.268162290707025
E1,era5_dist_km_ne,34.605086314401866,34.91819438754181
A3,cur_speed_ann,0.1369425919379949,0.1438977973073307
A2,cur_speed_ann,0.1438977973073307,0.1369425919379949
E2,cur_speed_ann,0.1588966049363502,0.1480033017122391
A3,cur_along_ann,0.07972189850171,0.0834797100688136
A2,cur_along_ann,0.0834797100688136,0.07972189850171
E2,cur_along_ann,0.0853054056786108,0.0748172233724714
A3,sst_ann,27.795785222672063,27.812973481781377
A2,sst_ann,27.812973481781377,27.795785222672063
E2,sst_ann,27.986204655870445,28.08773825910931
A1,hycom_dist_km_ann,3.342254394840657,2.9867366114438236
E3,hycom_dist_km_ann,5.119407064948857,4.815225008678442
A3,hycom_dist_km_ann,1.858798360677019,5.688819024518453
A2,hycom_dist_km_ann,4.718724449501428,4.165524898846734
E2,hycom_dist_km_ann,5.381028299631713,4.9996233032793524
E1,hycom_dist_km_ann,1.0485816791175246,1.5137758452702847
A1,era5_dist_km_ann,39.1170178305275,38.3307966400357
E3,era5_dist_km_ann,40.10942135504648,39.58524378806164
A3,era5_dist_km_ann,33.211254284294164,26.569255359601573
A2,era5_dist_km_ann,25.290434304758637,29.26022682070967
E2,era5_dist_km_ann,33.07300160363764,33.268162290707025
E1,era5_dist_km_ann,34.605086314401866,34.91819438754181
